{
  "name": "alien-crt-ui",
  "title": "Alien RPG CRT UI",
  "description": "Alternate styling for Alien sheets and interface",
  "author": "FranzWarm",
  "url": "https://github.com/FranzWarm/AlienCRT_UI",
  "version": "0.9.3",
  "minimumCoreVersion": "9",
  "compatibleCoreVersion": "9",
  "esmodules": [
    "./module/init.js"
  ],
  "styles": [
    "./css/alien-crt-ui.css"
  ],
  "languages": [],
  "packs": [],
  "system": [
    "alienrpg"
  ],
  "dependencies": [],
  "socket": false,
  "manifest": "https://raw.githubusercontent.com/FranzWarm/AlienCRT_UI/main/dist/module.json",
  "download": "https://raw.githubusercontent.com/FranzWarm/AlienCRT_UI/main/dist/main.zip",
  "protected": false,
  "coreTranslation": false
}